{
  "feature_cols": [
    "acc_x",
    "acc_y",
    "acc_z",
    "gyro_x",
    "gyro_y",
    "gyro_z",
    "yaw_deg",
    "pitch_deg",
    "roll_deg",
    "acc_magnitude",
    "gyro_magnitude",
    "delta_acc_x",
    "delta_acc_y",
    "delta_acc_z",
    "delta_gyro_x",
    "delta_gyro_y",
    "delta_gyro_z",
    "rolling_acc_mag_mean",
    "rolling_acc_mag_std",
    "rolling_gyro_mag_mean",
    "rolling_gyro_mag_std"
  ],
  "states": [
    "CAR_MOVING",
    "CAR_SLOW",
    "CAR_STOPPED"
  ],
  "sequence_len": 50,
  "scaler_mean": [
    0.17102676281983198,
    2.799467405067827,
    5.529412315704499,
    -0.0005811838169977798,
    0.0009224882143912893,
    -0.0023552141390694443,
    149.41464039282027,
    -10.67151550022319,
    5.971209377940367,
    9.908156150153845,
    0.14682473890020784,
    -0.00039651587531725597,
    -0.0016067639887208795,
    -0.0015622813847715787,
    0.0001679843748697654,
    0.0005052989166598572,
    5.125690357238025e-05,
    9.906954676929455,
    0.4379371603274969,
    0.14739605513199217,
    0.07693526587599894
  ],
  "scaler_scale": [
    3.218515087714308,
    4.876868212677867,
    5.280774042381404,
    0.32513166088578555,
    0.4412889701267681,
    0.29995005419311954,
    119.14649297406012,
    29.616726461008334,
    56.22107614205909,
    1.516036837471494,
    0.6073432464349225,
    1.3346317545273596,
    1.4565519736160264,
    1.835550602673615,
    0.4301715466206692,
    0.6355092433011434,
    0.37124139838517883,
    0.7118269530806342,
    1.3335974884657917,
    0.5398180676796294,
    0.29175061247687684
  ]
}